,Unnamed: 0,Unnamed: 0.1,labels,text
0,0,0,neutral,"Business Standard: End of coronavirus pandemic is near, says Nobel laureate Michael Levitt.
 https://www.business-standard.com/article/current-affairs/end-of-coronavirus-pandemic-is-near-says-nobel-laureate-michael-levitt-120032400668_1.htmlÂ â¦"
1,1,1,neutral,"Designed By:- The Rohit Sharma
.
#therohitsharmapdt #graphicdesigncommunity #graphicdesign #graphicdesigncentral #inovation #inovativedesign #graphicart #digitalart #digitaldesign #logodesigner #corona #coronavirusâ¦  https://www.instagram.com/p/B-Kq4LhHhPM/?igshid=2akp5zte3uwtÂ â¦"
2,2,2,negative,@AUThackeray Sir thank you so much for All your Care But some of us are still not following order of the time . My neighbours are treating this lockdown as vacation . There relatives staying in nearby areas are frequent visitors and till late night they h
3,3,3,negative,"Indian Govt has not allowed cheap Elisa and rapid test n choosen expensive PCR. Private capped at 4500, not many can afford. 
Strategy, less testing, less cases, Govt looks good. Control thru lockdown. 
But without testing it will not end n may reoccur after lockdown."
4,4,4,negative,Coronavirus killing all the people but beyandh2 killing us with Vikram part please show some positive vibes difficult to see maya in dis conditions that too for 2 weeks #Beyhadh2
5,5,5,neutral,"#StrangerThanFiction
#TheEyesOfDarkness
Now British secret agents James Bond 007 enters in China with his girl friend n solves the death of doctor n gets #Antidose of #Corona n the lock out countries opens to normalcy killing the virus n
#JamesBond0 landed in #TajMahal with girlf pic.twitter.com/Bayyecb9Nc"
6,6,6,positive,"@narendramodi 
Sir there are essential facilities (n95 mask corona kit ) provided by hospital administration to nursing staff on Corona opd duty &no risk cover given to contractual nursing staff"
7,7,7,negative,"me : alright time to sleep
my brain : Top 50 mistakes you've made

#MEMES #nightthoughts #Covid_19india #Quarantine"
8,8,8,negative,Dear Mr president you're already failing with almost 140000 Corona cases in your country.
9,9,9,negative,"@PMOIndia @narendramodi @CMOMaharashtra the communication put out to prevent Covid 19 is wrong, you should not use handkerchief to cover mouth to sneeze or cough as continuous use allows virus to stay on hand and other surfaces the wrong info will lead to"
10,10,10,negative,some psychos r still selling Kerala model in the name of more tests are getting done so show more Corona positive cases r reported
11,11,11,neutral,"Defy Corona By Defying Incapacity,, log on to this page for Corona related useful information.
 https://sites.google.com/view/defying-covid19/home?authuser=0Â â¦"
12,12,12,negative,"For Delhi, the need is Article 356,because Lockdown means Lockdown.Delhi Govt. to Compel the employers to support the workers & stop sending them.
For Rahulji, we request him to take rest, Ajay Maken may be asked to take charge & cooperate with the govt. during this crisis period"
13,13,13,neutral,All politicians  of India  must donate one lakh rupees to corona relief fund
14,14,14,negative,"PM @narendramodi requested with folded hands to the entire nation to support #lockdown for their own health & safety.
Have you ever see any PM who is requesting the country and moreover saying âsorryâ for difficulties that people are facing. 
Salute Sir,We will win #IndiaWithModi"
15,15,15,negative,"""Logon ka toh kaam hai bolna"" What not our govt has done and is doing to save us from Corona,still there are some trying to question the department and trying to find the loopholes."
16,16,16,negative,Canada is not taking seriously .Plz apply the strategy of Mr Modi to combat this pandemic.Shutdown only step to combat corna spread.... canada. Otherwise you can see this in itly or USA Spain. These countries was not taking seriously..  https://twitter.com/JustinTrudeau/status/1244282267914166273Â â¦
17,17,17,negative,So important in this unusual time of a pandemic is to talk about #mentalhealth .... isolation is a big trigger .... and the feeling g of helplessness is spreading like wildfire .... social isolation does not and should not translate to emotional isolation. https://twitter.com/ndtv/status/1244275585561399296Â â¦
18,18,18,negative,"Can some one ever imagine that your city too can become a problem !!

@corona #cityname #CoronaPandemie #coronavirus #BeResponsible #BreakTheChain https://twitter.com/ANINewsUP/status/1244238164891328512Â â¦"
19,19,19,negative,@CMOMaharashtra @OfficeofUT @AUThackeray @CPMumbaiPolice @PMOIndia @narendramodi @mnsadhikrut @ShivSena Can you please help him ? He looks really needy.  https://www.facebook.com/100002505807514/posts/2856295041130661/?sfnsn=wiwspwa&d=w&vh=i&extid=3bteG3E
20,20,20,negative,"Already seeing many posts and predictions over what will be the condition of the #World after we are done with this #Coronavirus pandemic.

People are mostly talking about a dwindling #globaleconomy and human beings in dire consequences. https://www.linkedin.com/posts/rajdeepbhattacharyakolkata_world-coronavirus-globaleconomy-activity-6650095552698646528-zEeEÂ â¦"
21,21,21,neutral,"Please Follow Lockdown Rules.
.
.
#lockdown2020 #lockdown #beathome #besafe #corona #coronavirus #covid_19 #covid #china #italy #spain #germany #india #pakistan #indore #indonesia #brazil #america #usa #countrylivingâ¦  https://www.instagram.com/p/B-U95gTlbeN/?igshid=9rf9j45288qkÂ â¦"
22,22,22,negative,Total #Coronavirus positive cases in Telangana stand at 70 including one discharged and one death: Telangana Health Department.
23,23,23,positive,Seeing #Contagion on @PrimeVideo now! Eerie!!!! Eerily prognostic of what #coronavirus is doing to the world today! Watch n learn... cannot even imagine the post-Corona world...
24,24,24,positive,"Please start #Shaktimam Public demand.
There are lots of children in india not stayed home if you start this program #Shaktiman lots of childrens staying at home so please think on it.
Thank you.

#COVID2019india
#coronavirusindia
#Covid_19
#StayHomeStaySafe
#LetsFightCorona https://twitter.com/DDNational/status/1244327211085094912Â â¦"
25,25,25,neutral,Some things about #Covid_19 #CoronaInPakistan #CoronaUpdate pic.twitter.com/6fcOz1z0dF
26,26,26,neutral,How many days of lockdown and self isolation for you? #Covid_19 #CoronaLockdown
27,27,27,positive,"Big news for all Shaktimaan lovers
Our childhood memories will rewind soonð

à¤à¤¬ à¤à¤à¤à¤¾ à¤à¤¸à¤²à¥ à¤®à¤à¤¾ à¤¤à¥ ð
#Shaktimaan
#Doordarshan
#StayHome
#Covid_19india pic.twitter.com/f79b8TuF1T"
28,28,28,negative,"BTS comeback 2020: ""Iam alright
Bring the pain on 
YEAH!""
Corona virus : okayy sirrr hold my beer!"
29,29,29,neutral,We should propose that the properties earmarked for the development of Mandir & Masjid and their disciples be acquired to counter the corona wars.
30,30,30,positive,"Beast Relaxing..!!

#quarantine #quarantinelife #beastcars #tatatiago #tiago #cars #carsofinstagram #indiancars #modifiedcars #modified #100kmphofficial #motorbeam #staytunedindia #goodyear #tatacarsâ¦  https://www.instagram.com/p/B-U9vSLjG-l/?igshid=qcvfrku3yo4rÂ â¦"
31,31,31,positive,"To expect humanity in the Modi regime is the biggest mistake

#coronavirus #LockdownWithoutPlan pic.twitter.com/Umb7XOX74w"
32,32,32,neutral,These TV channels are certified Corona free they will not get it. Rest should stay at home...  pic.twitter.com/l9fXRVShwz
33,33,33,neutral,Quarantine-myself ð¥  pic.twitter.com/CCfWreoKxO
34,34,34,positive,"May Lord Shiva fullfill my brother wishðï¸ð

Om Namah Shivay ð
Corona Virus Vayo jai...ðï¸ð
@narendramodi
#Corona #lockdown #Lockdown21 #COVID19 #zeenews #AajtakAntakshari #ABPnews #LockdownDay5 #bestPMever #ProudIndian pic.twitter.com/l12OMDAc9X"
35,35,35,negative,"*How can they just predict ?
In lyrics_'its 2020 for CoronaVirus body stacking up'
*what still unknown to real world/citizens? Afraid i m !
#covid19 #coronatime #pmoindia #drcreep pic.twitter.com/gnsKJustzu"
36,36,36,neutral,Send âHi â on the above number to receive response to your corona queries. #CoronaChallenge #CoronaUpdate #Covid_19 .  pic.twitter.com/rzzVpUnyxq
37,37,37,neutral,"Online delivery platforms might come handy but make sure payment is complete from the sender's end. You can write to us for any further queries. 

#pandemic
#HelpingHands
#HelpThem"
38,38,38,neutral,"Quarantine days wali shakal.
#NewProfilePic pic.twitter.com/gRHD631bNp"
39,39,39,negative,"In the wake of the ongoing adversity due the Covid-19 pandemic, the number of people that they usually attend to have gone up by leaps and bounds after many daily wage earners and people who just managed to scratch a living have suddenly gone jobless

#humanityofcovid19"
40,40,40,neutral,"Friend : Lockdown dekhne chale ?

Me :  pic.twitter.com/ggVD2IWwVz"
41,41,41,negative,"For many, most Indians in fact, I may say, what @narendramodi is doing to help #IndiaFightsCorona is âenough and moreâ. All state governments and us citizens need to support him 100% in his honest endeavours to save the country from this pandemic!  https://twitter.com/majorgauravarya/status/1244269190451621889Â â¦"
42,42,42,negative,"Urging people to #StayHomeStaySafe was the plan.. All of these labour had a place to stay wherever they were.Any delay to lockdown wouldâve meant,India be like US or worse n then it wld be matter of life and death..Same you, would have said instead of waiting shouldâve lockdown."
43,43,43,negative," https://youtu.be/09Cmmkout4EÂ 
This was not even in Lockdownð I just thought the caption to be humorous as whole day I am laughing only seeing the humorous WhatsApp forwards in my groups. 
Nothing to be offended with their happinessðð"
44,44,44,neutral,Message of D Information Secretary #PYO Punjab @SaeedaImtiaz #StayHomeStaySafe #Covid_19  pic.twitter.com/0WxKliBFcc
45,45,45,negative,"Sometimes you miss the memories. Not just the person.
#stayhome #staysafe #freetime #chill #gathering #friends #people #bangalorediaries #freetime #art #friends #family #nature #life #living #corona #lockdown #day5â¦  https://www.instagram.com/p/B-U9b3ajUUs/?igshid=80zwbaufk2uyÂ â¦"
46,46,46,positive,"Finally cleaned up my phone. From 3 screens to 1, I feel organized. Will keep it up. How do you organize your apps? #lockdown #whatsonyourphone pic.twitter.com/MuqSOIiPUe"
47,47,47,positive,@adishanks Much more quarantine and care bhaiyað Your contribution towards your family during this lockdown makes a inspirational gesture ð®ð³ @rsprasad ji must be proud of you as well ðð®ð³ https://twitter.com/adisha
48,48,48,neutral,"Covid-19 Lockdown: Mumbai Restaurateurs Support Modi's Call, Take Steps To Support Their Staff
 https://economictimes.indiatimes.com/magazines/panache/covid-19-lockdown-mumbai-restaurateurs-support-modis-call-take-steps-to-support-their-staff/stay-in-dine-in/slideshow/74847329.cmsÂ â¦

via NaMo App pic.twitter.com/YNwglNyWPB"
49,49,49,negative,"Corona has turned the world upside down not because its deadly but because it could effect rich and influential people too.

#COVID2019india
#CoronaVirus"
50,50,50,negative,Yes sudden lock out has created panic. In fact Modi should have announced with a months notice. Allowed People to move freely. When Corona cases were more than 5000 announced lock out. Genius.
51,51,51,negative,"Wether unintentionally???or knowingly ðChina has done this,they must b punished for doing thisð¶ Must compensate all countries who are bearing the lashes of Covid-2019ð¡"
52,52,52,positive,"#stay home stay safe... lockdown - The decisions taken by our #TelanganaCM is for our future n present safety guidelines to stay healthy... Please accept this as our responsibility to stay safely.. we support u in all tough situations n decisions @KCR  garu.
Jai hind... â at Usha mullapudi"
53,53,53,positive,The best part is evry #politicalparty is doing their best with zero politics. #OneIndia good going @BJP4India @INCIndia @cpimspeak @narendramodi @RahulGandhi @AamAadmiParty @manojkjhadu !! #Covid_19india
54,54,54,positive,"Good luck ðð¼ sir, I think this is the passion and unity that we were looking for. We will defeat this #coronavirus by this weapon inshalllah #Itlay #Albania #CoronaUpdate #Covid_19  https://twitter.com/AlfoGior/status/1244167019362222086Â â¦"
55,55,55,negative,All ministry and states to coordinate and make tough rules like Indore and pune city and make full lockdown till 14th April . Then only we can succeed. Kindly issue notification to all states and Ut fresh notification . Otherwise we will fail  https://twitter.com/umeshsr41683194/status/1244328989382062080Â â¦
56,56,56,negative,With #Covid_19 and lockdown almost in every country- arenât we now living the #DeathStranding? @Kojima_Hideo
57,57,57,positive,"Beautiful  sketch! Lockdown bring out tge hidden talents from proud Nexon owners! All the best, take care! â at Shilong , Meghalya"
58,58,58,positive,"High intensity interval training 7.30 -8.30,4 times a week and 2 days of Yoga. That is how I beat the self quarantine anxiety."
59,59,59,positive,"@PMOIndia @narendramodi dear sir , the efforts taken by govt is highly appreciated on coronavirus. Please talk to all states and to follow same strict rules and no movement of vehicles and opening of shop . Itâs joint effort then only we succeed. We "
60,60,60,positive,This must be on top of priority after Corona..... Not only heavy penalty a case against such  journalist  with minimum 5 year penalty and a huge amount from their media house...
61,61,61,positive,"Let's join & defeat COVID-19
Together we can win..!!
@ChowdharySaima
@BismaWani14 
@Tassu95830044 
@_im_shahidwani
@qadrinadeem13
@NasirKhuehami
@islahmufti
@ShujaUH
@rifatabdullahh
@dcpulwama
@david_devadas
@DeepikaSRajawat
@peerashiq
@khalidbshah
@SyedAbidShah"
62,62,62,positive,When u are lockdown to live ur hobbies and save the world!!! @ Doddanekundi  https://www.instagram.com/p/B-U9Iu8pZYdZC9EXdVYkRvDKoUeTIWDAQ4zXoE0/?igshid=1tp7nwtvsu7z7Â â¦
63,63,63,neutral,"The brother has been stranded at the BBSR railway station for 8 days.India is lock down on COVID-19,His name is Kalia Mallick,his address is village Dhushuri,he is Kashinipur,his district is Bhadrak,ph-7894017401(Home) and he is from Odisha.@DM_Bhadrak @SpBhadrak @CMO_Odisha"
64,64,64,neutral,Tomorrow again SBP has to play an active role in controlling USD / PKR parity. They have to be vigilant about matured export LCs. Thisâs must for #Corona affected #Pakistan Economy
65,65,65,positive,"Trying our level best to implement #SocialDistancingNow while feeding all our beneficiaries! 

#coronavirusindia #Covid_19 #safetyfirst #delhi #SocialDistancing #food pic.twitter.com/3GOwPCHN63"
66,66,66,neutral,"Were these the possible sleeper cells and hosts that let to this devastating situation in Italy? Time to think about it
.
#Covid_19 #Covid19India #CoronaUpdate #italy #coronavirus #CoronavirusLockdown #ChinaVirus #vaka9217 #COVID19italia #PMCaresFunds https://twitter.com/Echinanews/status/1225233436887015424Â â¦"
67,67,67,positive,"#defeatcoronapuzzle #4grestore youth become busy to taking classes as well enjoy lockdown at home with their families ...we INDIANs are mostly wanderer ...  stop your feet at home.. #stayyourroom #staylive..
Plz. Restore #4g in jk. pic.twitter.com/vnbIuhGjpm â at Ramban"
68,68,68,positive,"12- Itâs good that you confirm your status then by doing Corona PCR test but at the end of the day, you will need this quarantine. 

Stay blessed all
A message by 
professor Dr.javed iqbal farooqi sb @ProfJIFarooqi  my teacher,my mentor #WarAgainstCorona"
69,69,69,negative,Yes. Both the Hospitals are equally good. Help not action. It's not the proper time to give penalty but to encourage everyone to fight against Corona.  https://twitter.com/gunaraj/status/1244265779547107330Â â¦
70,70,70,positive,"Kudos to all the artists keeping us entertained during #lockdown.
Thanks for a fun Saturday night, @thevirdas! #VirAtHome pic.twitter.com/Ubc1Xuc3f8"
71,71,71,neutral,"Pune woman makes India's 1st Covid-19 testing kit hrs before delivering her baby  https://www.livemint.com/news/india/pune-woman-makes-india-s-1st-covid-19-testing-kit-hours-before-delivering-her-baby-11585476163000.htmlÂ â¦
Download mint app for latest in Business News -  https://bit.ly/32XEfFEÂ "
72,72,72,positive,"@KremlinRussia_E #superpower Hello sir will you please take stringent action against China for  #Covid_19 , we all know you are the one who can save the world , please save us. And please take stringent action against WHO for favouring CHINA."
73,73,73,neutral,"Here is What Modi Govt Has Done to Flatten the Curve as Coronavirus Grips the Country
 https://www.news18.com/news/buzz/here-is-what-modi-govt-has-done-to-flatten-the-curve-as-coronavirus-grips-the-country-2555251.htmlÂ â¦

via NaMo App pic.twitter.com/3aI3Xkw5iy"
74,74,74,negative,"#SocialDistancingNow 
What's people are doing here, 
@mybmcWardN @CPMumbaiPolice 
It's not time to involve in corruption, #Nexus No Police vehicle is patrolling around Gurukrupa,Lalta Pavpaji at Vallabhbaglane Ghatkopar east #coronavirus 
Failure of @MantralayaRoom @AUThackeray https://twitter.com/chheda_pravin/status/1244286040564584449Â â¦"
75,75,75,positive,"@narendramodi @PMOIndia Being a responsible citizen of the country, here is my bit...thanks to all who are tirelessly working to save human lives...we all are in this together so letâs stay united and help each other to fight against COVID-19 pandemi"
76,76,76,negative,Kate Middleton talked with experts during a pandemic in her Favorite Pink  http://attiremag.com/2020/03/29/kate-middleton-talked-experts-pandemic-favorite-pink/Â â¦ #KateMiddleton #pandemic #attiremag
77,77,77,neutral,"BBC News - Coronavirus: Six things that are booming in sales
 https://www.bbc.co.uk/news/business-52066454Â â¦"
78,78,78,positive,"We will surely with on Covid-19.
But, now we have to follow @PMOIndia  21 days lockdowns.
We proud on @PMOIndia ðªðª
Take care of u Sir."
79,79,79,negative,I request all these rich people to take care of their poor laborers who are unemployed due to this coronavirus and are not getting any work at this time. May Allah bless your provision.
80,80,80,negative,"@Voot_Kids @justvoot @DiscoveryKidsLA 
Should make it free during the LOCKDOWN period.. massive potential in #customer acquisition
This would change the customer behaviour for ever.
@narendramodi #Covid19India #DigitalIndia #CoronaLockdown"
81,81,81,positive,"Good luck ðð¼ sir, I think this is the passion and unity that we were looking for. We will defeat this #Covid_19 by this weapon inshalllah"
82,82,82,negative,"Smoking can make people more susceptible to serious complications from a coronavirus infection, the European Union agency for disease control said on Wednesday, citing scientific studies, although available data is still limited.  https://mobile.reuters.com/article/amp/idUSKBN21C2TS?__twitter_impression=trueÂ â¦"
83,83,83,positive,Please tell the govt. not to apply Allopathic medicine to suppress fever of Corona affected patients or as a preventive measure since it will weaken the immunity which plays the vital role to cure.Apply  only Homoeopathic medicine & citrus fruits. This will do the miracle.ð
84,84,84,negative,"@narendramodi Sir.. with heavy heart I am tweeting this, I came to India to visit my parents leaving my wife abroad hoping that I can be quickly with her after this short visit..I am a contractual employee, and unable to return to my work because of this "
85,85,85,positive,"Yes, PPE is the key. We can't compromise on them. Most of PPE can be disinfected with 1% hypochlorite and reused. More focus should be on production of good quality N-95 masks. Hazmat suits fabric that can be disinfected/autoclavable multiple should be used.  https://twitter.com/MoHFW_INDIA/status/1244526385248391168Â â¦"
86,86,86,positive,"Alhamdulillah, No Case of COVID 19, in Markaz Nizamaddin...
Don't Believe in Rumours by Media....
Part 2 @Mdzeeshanayyub @Ssaniya25 @HilalSeliya @DelhiMarkaz313 @ArvindKejriwal
#Nizamuddin #godimedia #delhi #delhimarkaz #COVIDã¼19 pic.twitter.com/2CQgb22C5v"
87,87,87,neutral,I see elder people walking & jogging every evening amidst of the nation's lockdown around [Gagan mahal Domalguda] area. Request @hydcitypolice to warn them for their safe health.
88,88,88,negative,China has ruin the world economy. How it is possible that in China only corona was limited to Huwan state. Their is seroius conspiracy of china to destroy world economy. All countries of the world must unite to teach a lesson to china.#Teachalessontochina
89,89,89,positive,@abpnewshindi Is it justify that MS Dhoni is donating only Rs 1 lac for fight against Corona Pandemic? This country has given lot's of love and respect due to which he had earned millions of money. i understand Donation is individual choice
90,90,90,negative,"Dear Ma'am, 
The cases of corona is increasing day by day. We should strictly follow the rules of lockdown.
Stay at home save life's."
91,91,91,neutral,@TRAI  i citizen of India not able to do recharge at my local mobile retailer due to #COVID19 #lockdown  please make a favor to open mobile shops for a day Or two or make free recharge #jio .
92,92,92,negative,"Am not sure, whether we have really tested the potential peoples,The numbers could increase (should not increase). 
What would be the ratio?...in tested vs confirmed for covid 19...???"
93,93,93,positive,"Dear Chife Ministry.We are with you in the covid-19 movement in the west Bengal.I am a cleaning worker working in the minor servant contract in the Indian railways.if you ever get a chance,think about us too."
94,94,94,negative,India is Concerned .India offers Condolences on tragic deaths of warriors against Covid-19
95,95,95,negative,My Quarantine Face ðð¤ @ Mumbaikar Choudhary  https://www.instagram.com/p/B-XirsnD85Q/?igshid=1364o5h5z7uawÂ â¦
96,96,96,negative,"@PMOIndia @MoHFW_INDIA @narendramodi Sir , Please trace the people participated in tablighi jamaat meetings to quarantine and test them #IndiaFightsCoronavirus . Many +ve cases already with travel history of this meeting ."
97,97,97,neutral,It says the cases also include people outside of the quarantine who came into contact with the travelers
98,98,98,positive,"Corona virus update, it's very dangerous for world.ðð®ð³
#CoronaUpdate #Coronavirustruth #coronavirus #IndiaFightsCoronavirus #CoronaLockdown #WorkFromHomeLife #StayAwareStaySafe #StaySafe #StayHomeStaySafe #StayHomeSaveLives #StayHomeIndia #StaySafeStayHome #GujaratFightsCovid19 pic.twitter.com/4nzDRuXvL7"
99,99,99,positive,2019 given this to his :or charitable purpose it was huge and shows his generosity but till now not announced for covid 19
100,100,,,"In the name of essential services, pharma workers are being exploited.
@narendramodi @PMOIndia @AmitShah @HMOIndia @ZeeNews @aajtak @indiatvnews @IndiaToday @MoHFW_INDIA #CoronaKoDhona
#StayAtHome #Covid_19india #CoronavirusLockdown pic.twitter.com/hr9ttICrO4"
101,101,,,Immunity boosting foods... Take care n have these.. especially during this pandemic of Corona virus. Stay home. Stay safeð¡  pic.twitter.com/7lq6ShtlbB
102,102,,,Spot on and most importantly it's the virus that decides the duration of lockdown not us we should respect the virus
103,103,,,"Coronavirus outbreak, India:
March 30: 1,328 cases
 March 25:   657 cases
   March 20:  258 cases
   March 15:   113 cases
   March 10:   65 cases
   March 5:    30 cases
February 29: 3 cases
Which formula getting apply
Find the value on 31 may 
#COVID2019india @tinkerbell9958"
104,104,,,"A 40 year female, resident of Chandigarh, mother of 8th COVID-19 Positive case of Chandigarh alsob tested positive for nCoV. She is in GMCH Sector 32.

A 33 year Male resident of Mohali, Punjab admitted in Isolation ward of GMCH-32,was tested negative for nCoV. #airnewsalerts"
105,105,,,"@realDonaldTrump à¤à¥à¤°à¥à¤¨à¤¾ à¤°à¥à¤à¤¨à¥ à¤à¥ à¤²à¤¿à¤ 1 à¤à¤¡à¤¿à¤¯à¥ à¤¸à¥à¤¨à¤¾ à¤®à¥à¤¨à¥ à¤à¤¸à¤®à¥ 
corona+  patients treatment
 "
106,106,,,"Gov't should grant us Rmps. on the emergency basis during this pandemic #COVID19. Just like US, Italy and the other countries stepped forward to recruit medical grads/undergrads. More than 5000+ IMGS/FMGS are waiting to serve this nation. https://twitter.com/zfrmrza/status/1242359355711905792Â â¦"
107,107,,,"Very good,but not impressive,Sharif's,Zardaris,Bhutoos,relgious organisations are not coming forward to donate alike Indians,in India millions of dollars are being donated by industrialists,celebs.
 
Pakistan's charities assist in fight against coronavirus  http://v.aa.com.tr/1780046Â "
108,108,,,"Amidst Covid-19 Lock Down, while being at home for weeks already and all hair cutting salon's closed.

My bride, purnimakrishna1433, groomed and helped me with the haircut. Thank You sweet heart for all the love. Itâ¦  https://www.instagram.com/p/B-aHoSWHTBE/?igshid=2xoad5m327jiÂ â¦"
109,109,,,"When you see the happenings on earth right now, locusts, global economy crisis, corona virus,. then something should tell you that it is time to store your treasure in heaven where no moth or rust can destroy

Matthew 6:Â 20

#TheScrollofHeaven pic.twitter.com/Rctjbq4Q8V"
110,110,,,"#LOCKDOWN hai ya optional picnic ? #ChinaVirus 10 employees of Jubilant Life Sciences Nanjangud plant test positive for COVID-19, 1,000 staff home quarantined. @narendramodi @AmitShah @colhunnybakshi @dekhane_mukul @AK7CAV @BW Follow the link to know more http://www.cnbctv18.com/healthcare/10-employees-of-jubilant-life-sciences-nanjangud-plant-test-positive-for-covid-19-1000-staff-home-quarantined-5593841.htmÂ â¦"
111,111,,,"Gov't should grant us Rmps. on the emergency basis during this pandemic #COVID19. Just like US, Italy and the other countries stepped forward to recruit medical grads/undergrads. More than 5000+ IMGS/FMGS are waiting to serve this nation. https://twitter.com/Jhagra/status/1245052887643893767Â â¦"
112,112,,,Workers go on strike at Amazon delivery site in Italy amid coronavirus  https://reut.rs/3axfsfYÂ 
113,113,,,Aur aap kya hai? Well you don't seem to be educated if you show hatret even during this time of pandemic! The need of the hour is to be united as a Country first and combat it. Haters keep hating..India is a very very powerful Country today due to @narendramodi @PMOIndia
114,114,,,"This is really shameful 
#CoronaVirusPakistan
#COVID  pic.twitter.com/521E4PLGCg"
115,115,,,"Those students indeed are in great risk of being affected and may god forbid if any of them falls victim of the virus it will surelly be the negligence guilty of indian govt who kept them in such a quarantine facility,they should be shifted to a well equipped facility,Safe& Sound â at Budgam"
116,116,,,"Some #relief even if temprory 
Modi govt allows #pharma firms to tweak clinical trial rules during #Covid19India #lockdown
@ChandnaHimani nice report
  https://theprint.in/health/modi-govt-allows-pharma-firms-to-tweak-clinical-trial-rules-during-covid-19-lockdown/392437/Â â¦ via @ThePrintIndia"
117,117,,,"As State Govt coffers will become dry soon due to lock down&fight against #Covid_19 Central Govt should intervene and ensure  that StateGovts are able to render basic sevices.Centre can pool funds lying unutilised with various Depts&Agencies&transfer to States Govts
@PMOIndia"
118,118,,,"@narendramodi Dear PM , use your entire power to enforce lockdown with all stringent laws. Provide more powers to POLICE and call army for areas where situation not adhering to complete lockdown. We have to pay huge economic value for lockdown , so enforc"
119,119,,,"Locked Up:Day-6 31/03

Day start with Fasting on occasion of Navratri Season followed by Om Chantings. 
Frequently taking up the deep steam inhalation and Lukewarm water helping alot to fight with corona.
@chitraaum @PMOIndia @narendramodi_in @narendramodi"
120,120,,,"Sir, we will be always ready to donate anything at your call but our donations go in vain as anti-nationals like Tablighi spread tremendous amount of corona viruses in our country to defame you and we feel helpless.
Please enforce emergency and military should be brought in."
121,121,,,"Quarantine got me buying stuff like this, i need to leave the houseð  https://twitter.com/theweeknd/status/1245035661301649410Â â¦"
122,122,,,"Congrats,,
Corona Accepted Islam..
Now India media will have to fight against #Islam as corona=Islam..
Fuck You @IndianMedAssn
#TableeghiJamaat #Coronavirustruth #RavishKumar #StayAtHome #KejriwalExposed #COVID #lockdownindia @NezamAfset @tabrezahmad20 @MobeenHashmi16 @thelifeofs"
123,123,,,"Surat city's first case of covid-19 is now successfully recovered and good job done by our Surat civil hospital team and MLA @sanghaviharsh ji 
à¤à¤à¤ à¤à¤­à¥ à¤¬à¤¾à¤à¥ à¤¹à¥ à¤¸à¤°à¥¤
à¤à¤¯ à¤¹à¤¿à¤¨à¥à¤¦ð®ð³"
124,124,,,"Dear PM sir, as per ur guidance dat no poor will sleep hungry dats our social duty, so day before yesterday i hv done a bit of social job when my car cleaner called me for a financial help as he has exhausted his savings during this lockdown period,@narendramodi @RajatSharmaLive"
125,125,,,PM should take his loan as corona fund!! @savukku @rajakumaari https://twitter.com/News18TamilNadu/status/1245048384081276938Â â¦
126,126,,,"Look at the audacity of these misogynistic morons. They canât pray at home because thatâs wht women do. They will assemble & spread #COVID19 to everyone. 
Does #Mecca & #Medina not Islamic, as itâs closed due to corona pandemic? ##CoronaJihad @blsanthosh @amitmalviya @Ra_Bies pic.twitter.com/iqP3tUuccj"
127,127,,,"It's up to the public social responsibility of every individuals to declare their travel history, disciplined self quarantine, stay alone, stay safe and to be diagnosed at govt fecility at right time to contain Covid-19.  https://twitter.com/ganesankittusam/status/1245051567276879874Â â¦"
128,128,,,The Corona Pandemic May be the proverbial  last nail in the coffin for the Unipolar world dominated by US. They May be Thucydides trap for now but for China to become the most dominant force in the world will depend on how it handles kindleberger trap . This crisis has once 1/n
129,129,,,"We have got democracy without knowing the duties.
If the country wants to win this corona pandemic, impose emergency for atleast 6 month, otherwise the nation and economy both will collapse.
@iNSAAjitDoval"
130,130,,,i'm thai physician and i have faced up to covid19 pandemic in Thailand. Now i'm extremely exhausted so i just asked tay for cheering me up. Look at his reply! He give me a warm heart.
131,131,,,"Pathogens, Uhan China-covid-19, Organism, virus reproduces virus, from organism they get food. 
Biology good subject, don't worry metal related items are safe.End of Feudalism in 1500 or 1800. Now democracy will be in new good form. 
I assess the change in the world order."
132,132,,,"Even airports/aircrafts have not screened effectively to isolate them and treat them further. Due to lack preparedness at airports to isolate and contain Covid-19 patients, simply they allowed or suggested to go for 14 days self quarantine.  https://twitter.com/ganesankittusam/status/1245051567276879874Â â¦"
133,133,,,Quetta five drs have been diagnosed with positive Corona virus. Itâs quite serious. My thoughts and prayers goes for all victims. May they recover soon.
134,134,,,Whether there was govt order or not is irrelevant. I ask the #TablighiJamaat Does being religious absolve u from being socially responsible? So u will not be a responsible citizen until thereâs an official order? Religion blinded u to a global pandemic that spreads human to human  https://twitter.com/AfridaRahmanAli/status/1245052238705225729Â â¦
135,135,,,"How Beijing is Safe..? I think all global leaders are on their pick stage of being a fool, China has created it and they are having its cure. THIS IS A COMMON SENSEð #Beijing #bioweapon #BanChina #coronavirus #Corona #Media_Virus #TabligiJamat @realDonaldTrump @narendramodi pic.twitter.com/qIH6o2jObZ"
136,136,,,"#neelumvalley
Quite proactive & intime approach is being adopted to curb #COVID19. Quarantines are eatablished in #athmuqam #sharda #kel. #lockdown is observed for public saftey. Data of needy families being collected to help them. Thanks HisHighness @sgqadir"
137,137,,,"The world got hit with two virus this year, Corona and Dalgona Coffee.

#dalgonacoffee"
138,138,,,"Corona virus has come to announce to the earth that hey! A Grand demolition of the earth is ahead here when The Lamb breaks the sixth seal.

Prepare for exit, ahead is unbelievable! 
#TheScrollofHeaven pic.twitter.com/didqZr5UW1"
139,139,,,"Sir, without PPE doctors could be a source of infection. Moreover there should not be any harm to mankind because of Hippocratic oath."
140,140,,,"Sad, #Muslims are a risk to humanity
In Pak they donât treat Hindus as humans, deprive them of food during #ChineseVirusCorona lockdown
In Ind after repeated warnings of no religious gatherings they expose themselves & the nation to risk
@khanumarfa @OmarAbdullah @shahid_siddiqui https://twitter.com/aumnamah_/status/1245051342533480448Â â¦"
141,141,,,"Request to @narendramodi Sir:

Reserve the manpower (Doctors & Nursing staff) for 3rd & 4th week of April to combat #Corona. We need them. Also, Please do #NationalizePrivateHealthcare
#COVID #lockdown #NationSalutesCOVIDFighters #IndiaFightsCoronavirus pic.twitter.com/xCGN62e0Y9"
142,142,,,This weekend m gonna clean all my shoes ! what u guys upto ? #lockdownindia #Lockdown21 #coronavirus #coronacleaning
143,143,,,The 4th Covid 19 positive person of Odisha came back from Dubai on March 18. He was in home quarantine since then. Sample tested as per state govt protocol of testing swab sample of all persons who came from abroad. He was asymptomatic though. @htTweets
144,144,,,"Btw I don't watch the news much but there was some religious fest going on in Delhi recently... About 250 had corona and after the party/fest whatever was over, they all went to their respective homes/cities/towns. (Not sure).
And we thought the lockdown is about to end. ð¤¦ââï¸ð¤·ââï¸"
145,145,,,"Since Travel and Tourism Industry has been hit very badly by the Covid-19, impacting us, I request you all to sign this petition where we are pleading to the the Indian Govt. to exempt or reduce our Tax liability on our reduced salaries.  Letâs try and get maximum signatures!!  https://twitter.com/FreeAnju/status/1245048792082087936Â â¦"
146,146,,,I thought corona crisis will bethe end of Europe but europe is dead alredy yars before.. https://youtu.be/eQXHc-tJMXMÂ 
147,147,,,"A soldier without gun cannot win a war. A doctor without medical equipments wouldn't be able to defeat the pandemic disease. Balochistan's pathetic health sector and lack of medical equipments, put the lives of doctors in jeopardy. Govt needs to ponder over this grave issue."
148,148,,,So heartfelt. Also@tnese are favorite boys. Canât wait to watch @RajeevMasand thanks for bringing so much to us during quarantine!  https://twitter.com/RajeevMasand/status/1244972890673631233Â â¦
149,149,,,"How can we be proud , look at the condition of #NBMC&H isolation ward where quarantine people are kept and it's toilet. #NorthBengal need better health infrastructure @drharshvardhan @RajuBistaBJP @JayantaRoyJPG @AmitShah @narendramodi @MoHFW_INDIA pic.twitter.com/wOvEEgAiBu"
150,150,,,"@narendramodi ji , my Son keeping fit during lockdown  https://www.instagram.com/p/B-Wue4_lEng/?igshid=1awp552wydlpiÂ â¦"
151,151,,,"I think i m losing my mind

#tiktoker #lockdown2020 #corona #quarantine @ LODHA heavens,dombivali east  https://www.instagram.com/p/B-aGvaqAIym/?igshid=nsq7pw3jxvcfÂ â¦"
152,152,,,but bro its corona time
153,153,,,Quarantine Throwback series day8/21: On that particular day. On my way back to home (abt 2pm) there was a two wheeler exchange mela. Went there n looked for a scooter. @chamathucaseâ¦  https://www.instagram.com/p/B-aGr3uHoG5dAVSFQvv5Ctnj9aiFrRWnC8n5XI0/?igshid=1mlfeyvz2f464Â â¦
154,154,,,Markaz Congregation's is a criminal act  wilfully spreading Covid Virus by hiding in mosques. The so called Jamat Islamists fundamentalists have come to Mumbai! BEWARE!Late Great Bal Thackerayji would not hv  allowed them to function from Mosques. Take action Now! Before too late
155,155,,,U need shut up and help police govt go home to home of these corona spreaders bring them out of dens and submit to isolation. Otherwise a harsh strict ordinance required @sardesairajdeep @ArvindKejriwal @RubikaLiyaquat @HardeepSPuri @rahulkanwal @AmitShah @drharshvardhan https://twitter.com/BDUTT/status/1245041036725850116Â â¦
156,156,,,"@RahulGandhi ji, @priyankagandhi ji n @ShashiTharoor ji @kcvenugopalmp Ji,1000 Indian students were stranded in Ukraine as there was a lockdown going on. Please talk to the concerned authorities and help them in every possible way. They are hoping to come"
157,157,,,"Corona attack 22 people in tirunelveli district
#CoronaJihad #Coronaindia #CoronaJihaad #Corona #CoronavirusOutbreak pic.twitter.com/K93RKohNK2"
158,158,,,"The message Corona virus is transmitting to the nations ; Time to focus on eternity with GOD ;

2 Cor 4:18
So we fix our eyes not on what is seen, but on what is unseen, since what is seen is temporary, but what is unseen is eternal.

#TheScrollofHeaven pic.twitter.com/9vV9eSm74h"
159,159,,,"my country wont be on lockdown as long as you guys. not a single chance. way more poverty, and businesses need to open"
160,160,,,Software Maria B ke husband ka sahi na ho sakta. They got away after committing a serious crime by putting many lives in danger by letting go Corona infected servant via buses  https://twitter.com/MashwaniAzhar/status/1245045593808031745Â â¦
161,161,,,"@WHO @PMOIndia @ABPNews @timesofoman I agree that lockdown and self isolation is reqd to avoid covid however wnt to ask abt develp. of vaccine? As after few mths life will get Normal bt virus will not go?if it takes months,lives will be in danger?reply pl"
162,162,,,Coronavirus test in India: Complete list of testing sites for coronavirus in India | India News - Times of India #Covid19India https://timesofindia.indiatimes.com/india/52-testing-sites-for-coronavirus-in-india/articleshow/74547684.cmsÂ â¦
163,163,,,"#COVID19 for long ... #lockdown will work.. its time to buckle up testing and work towards normalizing #life... if we keep messing this shutting markets... nd people keep breaking curfews, the economy will come to a standstill nor the objective of lockdown wil b met.."
164,164,,,Sir please add baba character played by Sanket bhosale we would like to see him as playing baba. But after this Lockdown & all coronavirus Cases are over. Please Make Appearance of sanju baba @DrrrSanket @KapilSharmaK9
165,165,,,wai3 why am i feeling che unwell t7so corona?
166,166,,,"#CORONAVIRUS
ð·: Jason Baird is seen dressed as #Spiderman during his daily exercise to cheer up local children in Stockport, as the spread of the #CoronavirusOutbreak continues, Stockport, Britain. pic.twitter.com/6dTYZs6Pju"
167,167,,,"#Lockdown21 featuring #CoronaVirus Memes. 

We all are grave about it, might as well as live it a little bit rather feeling dead whereas your still alive and at ð¡ and ð¬

Give it up for ðð»ðð»ðð»
CC: @sarcasm_onIy @debausheri @MadOMarketing @SamuelSinate pic.twitter.com/NLOSooB9o3"
168,168,,,Hello I work with 24 seven as u know in lockdown situation our CM announced all companies will provide salary of lockdown time but my company HR is saying we will not . I have mentioned details in these pictures plz read & CM sir take strict actions for them @ArvindKejriwal pic.twitter.com/EOERWJ9grZ
169,169,,,"Whole world is busy in making vaccine for Coronavirus while India is busy in distroying the demographic of state
#DomicileLaw
@UNHumanRights"
170,170,,,Mumbai -3-day-old baby tests #coronavirus positive in Mumbai's Dharavi kindly check
171,171,,,"Guj is proactively taking necessary steps to mitigate covid crises, needs back up plan to run and operate hospitals incase medical staff is affected. In Mumbai- Jaslok, Hinduja, Wockhardt and many hospitals are closed down! @CMOGuj @GujHFWDept @pkumarias"
172,172,,,Thatâs because floods are confined to few parts of Kerala while #COVIDã¼19 pandemic spread across the nation.
173,173,,,"Lockdown effect...
Black and white movie..1950's.. 'Pyasa' movie on roll
Guru dutt, wahida rehman's exceptional movie..
Old is gold! 
#lockdown #21  pic.twitter.com/La7oOlYrII"
174,174,,,This have made the lockdown useless. Now we are in crucial juncture to prevent the speeding of the diseases.I have already posted my suggestion in mygov site for consideration. Now again I am willing to remind you that strict measure is required for such violation of lockdown.
175,175,,,"@narendramodi @MamataOfficial @TimesNow @IamSumanDe It has been noticed that in this lockdown situation people in different parts of the country are gathering for buying products in market, go to the religious places or simply roaming to enjoy the time."
176,176,,,"US scientists link BCG vaccination with fewer COVID-19 cases, Indian scientists hopeful but cautious - The Economic Times  https://m.economictimes.com/news/science/us-scientists-link-bcg-vaccination-with-fewer-covid-19-cases-indian-scientists-hopeful-but-cautious/articleshow/74931591.cmsÂ â¦"
177,177,,,"Read this , doctors and nurses of an INDIAN hospital resigned due to corona virus and lack of protection equipment like masks and clothing , Pakistani doctors demanded but same time continued serving their patients SALUTES  pic.twitter.com/6qG4EfwpA7"
178,178,,,Gave Rs 1 crore to district collector from my MPLAD for improving medical facilities in Aurangabad district to fight against Corona Virus. @asadowaisi @imtiaz_jaleel @ShaibazShah7 @iamzzeeshan pic.twitter.com/tK4MG2BqnQ
179,179,,,Mumbai -3-day-old baby tests #coronavirus positive in Mumbai's Dharavi kindly check
180,180,,,"Once this Quarantine ends, this world will either be emptied or see the increased number of psychopaths."
181,181,,,"Please clarify , whether the patient has any travel history correlation or contact history with any person with covid virus?Can u rule out the possibility of community transmission?  https://twitter.com/HFWOdisha/status/1245409739195834369Â â¦"
182,182,,,"#Lockdown Continues & Help to needy people continues by #à¤à¤¾à¤à¤à¥à¤°à¥à¤¸_à¤à¥_à¤¸à¤¿à¤ªà¤¾à¤¹à¥ @FrancisLoyal in Dahisar Assembly. 
#MumbaiFightsCorona pic.twitter.com/t1wbUF1ZaP"
183,183,,,Mumbai -3-day-old baby tests #coronavirus positive in Mumbai's Dharavi kindly check
184,184,,,Don't you think compulsory quarantine of all foreign travellers from effected countries under Govt surveillance at the initial stage could have prevented import of the virus into the country. Country held to ransom due to Govt's ineptitude.
185,185,,,"Donate Rashan (Grocery) Packs to the deserving people, Order at  https://www.buyon.pk/covid-19-careÂ , pay online and Team Buyon will donate the pack on your behalf.

Let's join hands together and fight with Corona. Don't let anyone sleep hungry.

#ShareWithOthers
#SupportAFamily pic.twitter.com/iwTHskwcKM"
186,186,,,Sir any bad news regarding increase in covid patients numbers
187,187,,,These people are shame to humanity. Shoot at sight orders should be given by @HMOIndia #COVID #COVID2019india https://twitter.com/modivanibharat/status/1245398060689166336Â â¦
188,188,,,"Indian Media Can't Question Incompetence Of Government 
But Will Do Everything To Put All 
Blames On Muslims!ð 
 
Let Me Tell You Gathering At
Nizamuddin Markaz Was Taken 
Place 13 to 15 March & That Was Before A Week Of Lockdown."
189,189,,,"You donât need to prove anyone paaji neither you have to tell anyone that you are an Indian. Itâs obviously a time of pandemic and a help to any human being is worth more than this shitty crap. 
You are always the hero for us.
#BleedBlue"
190,190,,,Mumbai -3-day-old baby tests #coronavirus positive in Mumbai's Dharavi kindly check
191,191,,,"China has concealed the extent of coronavirus outbreak, under-reporting total cases and deaths itâs suffered, US spies tell White House  https://www.bloomberg.com/amp/news/articles/2020-04-01/china-concealed-extent-of-virus-outbreak-u-s-intelligence-says?__twitter_impression=trueÂ â¦"
192,192,,,The fight against Corona will be a long run for about two years and will significantly change the form of production at the garment factory. Automation system will probably be adopted more and main role of the operation could be ppl who pass the immune carrier test.
193,193,,,"@SachinPilot @ashokgehlot51 @RaghusharmaINC Need to establish a special task force to fight #Corona Sarpanchs, parshads, Mla, MPs, and Nagarpalikas need to involve now on individual level."
194,194,,,"Modi ji please declare terrorist to those who are hiding with corona and not cooperating with govt officials. #NarendraModi
#AskZee"
195,195,,,"The company hired like 150 employees three days before the lockdown here in Indore. And now they Are providing WFH to those who have local IDs and apart from those who don't, they are providing the distress amount and asking to leave the organization."
196,196,,,"For those circulating some random images of policemen lathi charges on lockdown violators, have a look at these images too. While we remain protected inside our homes, they are out on the streets, away from their families, eating food at footpath and bus stands.  pic.twitter.com/onnOUIQOoO"
197,197,,,"Please feed as many street animals as you can. Because of the #coronavirus lockdown, they are unable to find as much food. They are our responsibility. @ Borne Sonvarsha Ghat  https://www.instagram.com/p/B-csI8dphrJ/?igshid=1sht4eu56emtwÂ â¦"
198,198,,,"Lockdown extend hoga ki nahi? 

Thoughts?"
199,199,,,JUST IN: 5 CISF jawans test positive for Covid-19 in Navi Mumbai  https://www.indiatoday.in/india/story/coronavirus-news-live-updates-nizamuddin-tablighi-jamaat-delhi-covid19-death-toll-italy-us-1661975-2020-04-01Â â¦ via @indiatoday
200,,,,"ð®ð³ India

- Coronavirus Cases: 1,834

- Deaths: 45

- Recovered: 148"
201,,,,"ð¨ð³ China

- Coronavirus Cases: 81,554

- Deaths: 3,312

- Recovered: 76,238"
202,,,,"India is not fighting unfortunately against an unknown & novel enemy virus but also Religious ties&conditioned thinking.Doctors are not getting PPE, landlords are pushing them out & so soon Violence In this long battle for us all?? With folded hands we need the Indian Army. ð"
203,,,,"Small traders will die amid lockdown without âfoolproofâ stimulus, tradersâ body tells government
 https://www.financialexpress.com/industry/sme/msme-fin-small-traders-will-die-amid-lockdown-without-foolproof-stimulus-traders-body-tells-government/1916458/Â â¦ @praveendel @BCBHARTIA @sumitagarwal_82 @narendramodi @PiyushGoyal @nsitharaman @AmitShah @rajnathsingh @JPNadda @HardeepSPuri @AICPDF @AimraIndia"
204,,,,"Fact : Consuming lemon/turmeric does not prevent #Covid_19, although it is good for healthy diet.#hygiene #IWillStayAtHome #StopTheSpreadOfCorona #StayAwareStaySafe"
205,,,,IMO all states govt n central govt is going their job. N v Indians (citizens of this country)  not. Pls help defeat corona #COVID19Pandemic #COVIDã¼19 #CoronaInMaharashtra @CMOMaharashtra @uddhavthackeray @OfficeofUT @AUThackeray @PMOIndia @narendramodi @AmitShah @AmitShahOffice
206,,,,"Virus was,Comunist/Christn 1st whn it ws in KL, thn it bcam NRI/Clebrity aftr Kanika ws fnd +Ve bcam Chinese for a few days&it bcam Kejriwal durg mass migration of labour. 
Bt in the end,it ws bound to bcom Muslim. 
Corona is just a symptom Cuntry is alrdy sick
#NizamuddinUpdate"
207,,,,"Indian Council for Cultural Relations @ICCR_Delhi 
 is holding a Global Art Competition âUNITED AGAINST CORONA - EXPRESS THROUGH ARTâ  promoting #ArtinthetimeofCorona. Express yourselves and win prizes. See  https://www.iccr.gov.in/sites/default/files/uploadfiles/Competition_Guidelines.pdfÂ â¦ for details.  pic.twitter.com/59Yqm15Sjb pic.twitter.com/nYdWYoqUo6"
208,,,,Namaste is taking world by a storm! Proud to bring back our age old culture to spread d right msg during this tough period through @ShemarooEnt Namaste Campaign. Our campaign is a small initiative to contribute in the worldâs battle against Corona virus #Namastekarona #Shemaroo https://twitter.com/afaqs/status/1237740156804833281Â â¦
209,,,,"Sambdhi Sahib,
$2.1B , when you are going to send donation in Prime Minister's corona fund raising account.
Awaiting your confirmation."
210,,,,"these pictures from today's morning to night i have blind believe that our population can do this. Please be careful #deshvashiyo our PM Shri @narendramodi
has intimate about this but no-one obeyed. I'm sure we have time to save nation #covid_19GR #warning #IndiaFightsCorona pic.twitter.com/BjSafrf721"
211,,,,"Covid-19: Old city Hyderabad's people taking âlightlyâ  https://youtu.be/FSig7dsPYJ0Â  via @YouTube @KTRTRS @kishanreddybjp local channel reporting old city is not following the lockdown, can you pls look into this. We understand TRS has alliance but they need ppl to rule not dead"
212,,,,"Happy new quarantine
#COVIDã¼19"
213,,,,"@ImranKhanPTI Extreme nahi hai to isi liyay aap Chanda mang rahay Hain, extreme nahi hai aap Kay khayal mien to isi liyay lockdown has been further extended. Khudh kuch na karain, but expect others to step up! So sooo Disappointed â¹ï¸â¹ï¸"
214,,,,Covid -19 is the door for countless opportunities. Many new hero will flourish and will rule the world #COVID19Pandemic #StayHome
215,,,,"A woman from Khanyar area of Srinagar, who became the first case of Covid-19 in #Kashmir, has recovered with doctors saying that the lady has been tested negative in multiple tests. She has also been discharged from #SKIMS on wednesday. #CoronavirusPandemic"
216,,,,Why it is not reaching Indian hospitals then? Why you people try to cover up things? Doctors in Indurao hospital didn't go on job today as the PPE were not there! They are being threatened that their Medical registration will be cancelled! Evn My doctor frnz r not getting PPE!!
217,,,,"@sudhirchaudhary ji, you are analysing about corona pandemic brilliantly in DNA. Only painful is the program sponsor's Ching brand. Though the company is purely Indian but the food type is Chinese."
218,,,,"U R Correct Madam 
All r lockdown now"
219,,,,This is not a business man like Bill Gates but He is a Afghan citizen who investment for COVID-19.....ð±ð±ð±ð¤²ð¤²ð¤²  pic.twitter.com/IESxUtgakR
220,,,,Yes sir ...we will stay at home and  fool the corona ( who is waiting outside of our home ) ......ðð
221,,,,"How could such gatherings be organised during lockdown...who is responsible for such events?
I wish religion takes a backstage now and nation should stand first. A mini picture of #TabhleegiJamaat in #ajmer...ð https://twitter.com/avinashkalla/status/1245335164558782465Â â¦"
222,,,,"During lockdown my Grand mother( in law) who is 70yrs old  taught us a message that no need to go outside...we have everything at home & we can do it by ourselves too inspite of depending on mills n machines.....
Moral- #stayhome #eathealthy #tastynpure @SangeetRaman pic.twitter.com/qJIZWZ2kxr â at Woodsville"
223,,,,Calvin & Hobbes never lived through a lockdown..  pic.twitter.com/XtLkbfINUO
224,,,,(3) CCB made a platform where every volunteer can become a part in this Covid-19 situation. Please fill up the form given below and become a volunteer with a click away.
225,,,,That does not mean Tabligi and Jamaat people are innocents. They have deliberately disobeyed law and rules. They did not follow the lockdown. They spread Corona from Kashmir to Kanyakumari. They can't be spared. They must be punished. Foreigner Jamaati be black listed. No visa.  https://twitter.com/khanumarfa/status/1245049308295991296Â â¦
226,,,,"How comr you are tested for corono so quickly. There is protocol to have a testing. You will have to be under quarantine for 14 days, still you had any symptoms, you will be tested. See how the government machiary is misused. If  you are MP,then beurocrates will bow their head.."
227,,,,"(2) With that difficult decision behind us, we are now turning our focus to the coming weeks and months as CCB has made an initiative for dedicating one of its Dispensary as Corona Community Clinic."
228,,,,During this #Quarantine you can also try to eat while youâre doing ð½
229,,,,"Heard entire call of #MaulanaSaad. He says âCorona is a program to separate Muslims. Masjid me aao..this is best place to be! Marna h toh yaha maro!â He should be jailed for he is sprea hatred & poison
Are you insane? Do u have any brains at all? 
 #NizamuddinIdiots #CoronaJihad"
230,,,,Hiding Mullas from foreign countries in Masjids and hiding travel history is definitely a part of Corona Jihadh
231,,,,Best decision @narendramodi Ji & @AmitShah Ji for full country lockdown. We have saved so many lives. India will win this fight against corona virus. #IndiaFightsCarona
232,,,,"They just can't hide #Covid_19india death!

D #Coviddeaths must be followed by certain protocols to bury/cremate bodies.

To hide #Coviddeaths if these protocols r violated, d consequences will be Herrendous & it will be revealed  immediately!

Feku can't Fake with Corona!!  https://twitter.com/mrsinghCricUmp/status/1245412648826462209Â â¦"
233,,,,"Feeling bad for people of Assam, they didnât have a single #ChinaVirus infected patients till yesterday, now they have 13 Corona positive cases.

The #NizamuddinIdiots deserve Hell!"
234,,,,"Corona can be controlled if necessary actions are taken at right time.. But its impossible to control virus named ""FAKE NEWS"""
235,,,,#corona will end soon in sha Allah ððð  pic.twitter.com/WBYOSpVB1v
236,,,,"In Nagpur City  , Citizens needed Urgent help against closing of nearly about 100 years old Parvatinagar  to Ajni Rly. Station public Tar roads/ways  during Lockdown Period ,These roads  are forcefully blocked by Railway PF  and started construction activities"
237,,,,"18 nations including USA and UK wants NARENDER MODI as leader for TASK FORCE for CORONA..what a proud moment for INDIA..
Believe in him and INDIA will win ð
@PMOIndia @narendramodi @AmitShah @RSSorg @AnantkumarH @mepratap @Tejasvi_Surya  @indi pic.twitter.com/yDy4NS32Dr"
238,,,,They are washing covid-19 dishes.
239,,,,"Glad to know the testing rate is increasing day by day, that will give us the clear picture of Covid-19 Outbreak  https://twitter.com/HFWOdisha/status/1245410171309838336Â â¦"
240,,,,"Tablighi congregation at Nizamuddin. Quite evident by now, jehdi conspiracy to spread corona across India & fail lockdown to ensure epidemic spread. Arrest, ban & seize all assets & freeze financial facilities. Decimate Tablighi & PFI or will break india"
241,,,,"Every human being is the author of his health or disease 
#lockdown
#WorkFromHome  https://twitter.com/AnupamPGautam/status/1245053320315584514Â â¦ pic.twitter.com/S12Md9aHkB"
242,,,,Just quarantine the area .. donât let them out donât let folks in
243,,,,Now war with #Corona is going to be war #Fidayeen https://twitter.com/Iyervval/status/1245413541294661632Â â¦
244,,,,"The Muslim community will go up in arms in response to the corona virus crisis. We are in for tough times. Mostly the virus with remained ghettoised within the community, it will have a longer life within India due to non-cooperation of Muslims.  https://twitter.com/TanwarAvani/status/1245368027773726722Â â¦"
245,,,,"ð®ð³ India

- Coronavirus Cases: 2012

- Deaths: 60

- Recovered: 148
ð¢ð¢ð¢ð­ð­ð­"
246,,,,Corona did it for u ð
247,,,,Ek aur din south movie dekhni padi cos of parents to ll break the lockdown ðð¤¦ð»ââï¸ #TheLockdown #COVID19Pandemic #Tollywood
248,,,,"PM launches SMS service to provide emergency cash to needy in ongoing Coronavirus situation
 Last Updated On 01 April,2020 10:31 pm
.............................................
Under the emergency cash program, theâ¦  https://www.instagram.com/p/B-crR3hhB_I/?igshid=k8ad5dmp8jfÂ â¦"
249,,,,Lockdown May push poor Advocates towards starvation in TS. Abt 33000+ lawyers hav registered with S-bar council. Study shows that 10K of thm are poor & 5K are in dire straits. Need immediate help at least during the lockdown @asadowaisi @TelanganaCMO @KTRTRS @IKReddyAllola pic.twitter.com/i5L03uqHDB
250,,,,"Epidemic act has been invoked already. Government got all powers if related to pandemic and people defying order, creating un-necessary nuisance can be acted upon IPC 188.

Now stop creating nuisance in un-essential matters."
251,,,,Getting there!! #Covid_19india https://twitter.com/jamewils/status/1245398415556501504Â â¦
252,,,,"@myogiadityanath
@gdagzb
@dm_ghaziabad
@sunilsharma_bjp
@Mayor_Ghaziabad

Even in this hard time of covid-19, KW Srishti,Raj Nagar Extension, Ghaziabad is being ignored by the authorities. 

#no sanitation spray."
253,,,,"As people are not voluntarily adhering the #lockdown , there could be no complain against the Govt. if it starts to deal it harshly. I belive for a larger benefit, it's time to deploy @adgpi @crpfindia @ITBP_official @BSF_India in streets. @PMOIndia @PIBHomeAffairs"
254,,,,Where is Nizzamuddin disaster picture. You are such a biased while posting the picture. You ppl are never going to change.Please behave yourself. Don't post anything just for publicity. What is your share in fight against Corona. If you have courage be a part #coronaworriors . pic.twitter.com/mfjesPAcnM
255,,,,Imagine @YUVSTRONG12 @harbhajan_singh who gave their whole life & career for India being Labelled as Anti National.they tweeted about helping the corona victims in pak. Bhakts started abused them and questioned. These bhakts are more dangerous than corona.
256,,,,"other than human trafficking by Container in #Europe

last week
#India +150 migrants inside two containers,were rescued in Maharashtra by Police
Migrants used milk tanker in Punjab
#Nepal +50 migrants inside a container were rescued by Police

#coronavirus
#LockdownWithoutPlan"
257,,,,YOU ARE TAKING TIPS. AND DONATION. DO SOME DONATION AND GIVE YOUR RIDER. ALL THE PROTECTION TO PROTECT FROM COVID19. ALSO PROTECT YOUR VALUABLE COSTUMERS. THIS IS MY REQUEST #Covid_19india
258,,,,"""Coronavirus: Spain passes 100,000 cases and records more than 800 deaths for five days running"" #Coronavirus  https://twitter.com/i/events/1219057585707315201Â â¦"
259,,,,"Two things trending in the world rightnow :  

1ï¸â£ #Covid_19
2ï¸â£ #Dalgonacoffee (Highly overrated)"
260,,,,We want some action sir @AmitShah They r simply intolerable now. This is affecting everyone. We can't stay lockdown for all our life because of such morons.. find them n fix them..just lock them. Terrorism of another level. ð¤¦ð£ððð @narendramodi https://twitter.com/srikanthbjp_/status/1245405116003266560Â â¦
261,,,,"Death toll due to COVID-19 rises to 41; number of cases climbs to 1,834: Health Ministry"
262,,,,Work at home #nizamuddin #tablighijamaat #covid_19 #corona #india pic.twitter.com/TZRO29eB87
263,,,,"Covid-19: Wipro, @AzimPremji16 @azimpremjiuniv commit Rs 1,125 crore to tackle coronavirus.

@akshaykumar @anmol_ambani @AmbaniTina @BeingSalmanKhan @narendramodi @Prabhas pic.twitter.com/NaHQ0GbWF3"
264,,,,"kitna kitna hatred hai towards muslims yaar, how can you possibly blame one whole religion for corona virus"
265,,,,Lool.. Hundreds of Iranians are dying they are in lockdown and he is still in fear.  https://twitter.com/realDonaldTrump/status/1245396884040097792Â â¦
266,,,,A 49-year old man undergoing treatment for COVID-19 dies in government hospital in Hyderabad
267,,,,"Yes, he failed to kill the corona jihadis. #MARKAJ_NIZAMMUDIN"
268,,,,Wasn't there some kind of news running around about a kid who predicted the end of Coronavirus on March 29th?
269,,,,"Jb bachpan main teacher punishment sy pooni kr dete thi ð¢â¹ï¸ð¥º 
Not done cutting before COVID 19  pic.twitter.com/IkUUIFFKro"
270,,,,"It's only in India that people like you do these things. In any other country, it would not have been possible. Break all laws, spread the epidemic, bring mullas from all over the world, send them to every corners of country to act like Corona bomb, and then play victim card."
271,,,,Coronavirus: India's farmers face shortage of harvest labour amid COVID-19 lockdown | Deccan Herald -  https://www.deccanherald.com/national/coronavirus-indias-farmers-face-shortage-of-harvest-labour-amid-covid-19-lockdown-820131.htmlÂ â¦
272,,,,#Sudhir choudhuri some of hese Nizamuddin people are corona patients intentionally came here to spread corona in India. They came prepared to die themselves after spreading. These patients are just like suicide bombers and more dangerous than suicide bombers.
273,,,,"437 cases in a day that's a big number during lockdown period so far, let's hope it does not increase exponentially.  #coronavirusindia #COVID19"
274,,,,"COVID-19 =
   C- Chinese
   O- Originated
   V- Virus
   I-   In
   D- December
  19- 2019
ð¤"
275,,,,@narendramodi  Sir do one thing if they not want keep away from corona .pleas arrange a safe place in jungle where we should arrange daily needs goods only. We should not waist money and medical expenses on these kind of people so that this can be expense
276,,,,"CORONA VIRUS (COVID -19 ):
         We start a war against  'CORONA VIRUS'
"" WE SHALL OVERCOME,
WE WILL WIN THE WAR ""  pic.twitter.com/MSuv1FTSX6"
277,,,,Why don't they understand that #bb13 hangover should be stop now ...n plzz do more serious abt corona n take care of urself n spread positivity not hatred!!!â¨
278,,,,"It will be remembered in history when the world was fighting Covid 19, and India introduced its colonial project. This law will give free hand to India to put forward its colonial project. Now India is on its way to make a demographic change in Kashmir. â at Srinagar International Airport (SXR)"
279,,,,"Ganesh murthi nagar cuffe parade colaba mumbai 400005...Maharashtra
Colaba consistency  187  During lockdown the people are not taking the lockdown seriously..plz do something @CMOMaharashtra @Dev_Fadnavis @narendramodi @ABPNews @abpmajhatv @rnarwekarbjp @AGSawant @HNarwekar pic.twitter.com/huDWYFv8bQ â at Backbay Bus Depot"
280,,,,A crime is a crime irrespective of religion. So stop your religious hatred before you get f*****d by Corona ð
281,,,,@rjpraveenredfm  sir requesting for a message on ur voice and ur way of explntn for those who are now taking dis pandemic situation towards a communal way...yea hindu muslim krne wale kabhi nhi sudhrenge. And we need ur voice ur point shld teach tham a ch
282,,,,"Communalising coronavirus a shameful act, says @asadowaisi https://www.devdiscourse.com/article/politics/988379-communalising-coronavirus-a-shameful-act-says-owaisiÂ â¦"
283,,,,"Hello and Namastey from India to @DrButtar. Please letâs connect sometime itâs about Corona virus and other health issues.
Mostly medicines are only symptoms suppressing. Nobodyâs talking about prevention and cure.?
I represent a health care in India.Your videos are inspiring"
284,,,,"inCruises 
 http://inpartnertaneja.incruises.comÂ  
Everyone likes to Go with inCruises you know why. inCruises is an international company growing very fast irrespective of present situation of crisis of Covid 19 worldwide.
Let's own online business with inCruises 
Call/WhatsApp +918302449289  pic.twitter.com/k1C60QGDAG"
285,,,,Quarantine made me trim my hair out and Iâm pretty sure that one side is longer than the otherð¤­#oooops
286,,,,"Actually, we were supposed to vacate the house on 5th. But due 2 ths lockdown, I requested for an extension. On tht suddenly she started abusing nd threating me stating hr relative s n police, so she wl forcibly vacate th house on 5th itslf. No reasons given."
287,,,,What were your fans doing between 15 to the start of lockdown.... Don't make a fool of yourself by defending the indefensible..
288,,,,Yes bhaiji we are with you and our country we will win definitely on COVID-19 Mata Rani bless us all  pic.twitter.com/E0mopKLAEE
289,,,,"In #Indore, Doctors went to take Corona Patient from peaceful community to hospital. These people pelted stones on them and they had to run for their life ! #coronovirusindia #CoronaJihad #coronaupdatesindia @ChouhanShivraj 
Courtesy-FB pic.twitter.com/VrzFfL9NBG"
290,,,,"A young lad died of TB complications and underlaing thrombocytopenia, ULCER bleeds etc. Family, friends, neighbors relieved that he died of TB complications and NOT CORONAVIRUS. Such is the sad reality"
291,,,,"#Coronavirus positive cases in world: 9 Lakh +
US - 2 Lakh +
2 Countries - 1 Lakh + 
#COVID19Pandemic pic.twitter.com/zfVSMuSB6g"
292,,,,"JUST THINK OF YOUR FAMILY, IF NOT OF YOURSELF.
Nagar me faila do, logo ko satark karo.
.
.
#corona #covid19 #quarantine #stayhome #staysafe #welfare
#publicmessage #truemessage #qotd #quoteoftheday #writerscommunityâ¦  https://www.instagram.com/p/B-cqmbAhBX4/?igshid=1uteg47pv3j5aÂ â¦"
293,,,,"Expo Center Lahore has been converted into a 1000 beds Quarantine Center. 
This picture & smile on Dr. Sahiba's face is totally worth it, shows the affection & dedication put in to set-up this Quarantine center

May All the hard work and efforts you are pouring in bears fruit.  pic.twitter.com/kNzVUN0EI0"
294,,,,Dear Hitman solute youðð again big hit against Covid 19. @ImRo45
295,,,,"Kerala CM Pinarayi Vijayan on Tablighi Jamaat meet:

Corona virus does not know any religion. This is the time to stand together and move forward.""

Always good to see a leader taking a stand! 2/2"
296,,,,So sad. It is good atleast we lockdown immediately  https://twitter.com/dhanyarajendran/status/1245330893876555776Â â¦
297,,,,"@AmitShah @IPS_Association @adgpi @GujaratPolice @PMOIndia @rashtrapatibhvn @AmitShahOffice Kill all the muslims who are trying to spread coronavirus.... Why should doctors, police and other people suffer because of them. Shoot them at sight. Please...ð"
298,,,,Colleagues quarantined in #redfox hotel #aerocity have been all praise for @MoHFW_INDIA and their empathy and courtesy during the past 12days! Thank you! #COVID
299,,,,How did Nizamuddin become the Corona epicenter ? My piece  https://twitter.com/News18Northeast/status/1245406744320196609Â â¦
300,,,,"Oper oper sy to hum sub corona
 par memes share kar rahy hy
but deep inside hum sub ki phatti pari hy.ðð"
301,,,,S Korea controls COVID-19 outbreak without any lockdown: Envoy  http://www.hurriyetdailynews.com/s-korea-controls-covid-19-outbreak-without-any-lockdown-envoy-153459Â â¦
302,,,,"Kerala CM Pinarayi Vijayan on Tablighi Jamaat meet:

""Noticed certain people giving communal colour to the Markaz incident and blaming religion on social media.  This won't be allowed in Kerala. During this pandemic period, do not come out with communal agendas.1/2"
303,,,,"It was interesting that the experts showing up on this show were comparing this spread of the corona  virus with the plague pandemic of the 14th to 15th century. After an 80-year plague epidemic, a Renaissance led to the blossoming of a new civilization. This is our hope to hold."
304,,,,"~ : à¦®à¦¾ : ~
""à¦à¦®à¦¾à¦° à¦¸à¦¨à§à¦¤à¦¾à¦¨ à¦¯à§à¦¨ à¦¥à¦¾à¦à§ à¦¦à§à¦§à§-à¦­à¦¾à¦¤à§""

Greetings on the auspicious occasion of Annapurna Puja. More people in India will die on account of hunger, absence of shelter and access to basic healthcare facilities than the Corona virus. God save our country.  pic.twitter.com/7efpOB7Eho"
305,,,,They have played havoc  with the safety of Indians knocking the bottom out of the lockdown creating intractable problems for the govt.But not a single Muslim leader has come forward to condemn it.  https://twitter.com/_sabanaqvi/status/1245377135872598016Â â¦
306,,,,@rajnathsingh dear sir this time to need more protection of our country it is crossed the limit 2k people are effective. Is time pe agar desh ko or achi traha se block nehi kiya gaya to Italy jesa ho jaiga. So my humble request to you please deployed the 
307,,,,"#NarendraModi #PMOfIndia #UnitedNations Sir. The lockdown is an excellent move. The WHO also acknowledged this in its press conference, along with the government's financial assistance to the underprivileged. Can we please start large scale testing also as a complementary step."
308,,,,"Abu Dhabi Government conducted a mandatory Sterilization Program to ensure the safety of our residents pertaining the pandemic novel corona virus.

#labotel #safteytalk #sterilization #abudhabicampsâ¦  https://www.instagram.com/p/B-cqPNxJx9C/?igshid=1lqm34q86gl6pÂ â¦"
309,,,,What kind of mood are you Quarantine? ð  pic.twitter.com/OUtmF8oHyd
310,,,,"@sudhirchaudhary See the condition of people in Abuja capital of nigeria. Our India is great. 

Please do a program with this and tell the difference in Govt of India and other Govt is doing. This is the condition of Lockdown day 2 in Nigeria.  https://tw"
311,,,,"Yes, we haven't seen anywhere in the world this kind of chaos,
But hold on a second all the super power have not been able to control this pandemic but India  has till date & the sole reason #namo had been @INCIndia in power world would have seen the struggle."
312,,,,"#Coronavirus lockdown: After #Karnataka farmers dump produce; govt decides to direct it towards needy 

@IndianExpress

Read:  https://bit.ly/2X7pi4FÂ  pic.twitter.com/b9RB3gRALv"
313,,,,"Today is World Autism Awareness Day- this year of course, with the corona virus pandemic, awareness and safety is even more important. It is imperative that those who require additional support still get it during this time. Have u heard about Autism? Itâs not a disease, (1/3)"
314,,,,"@PMOIndia @MoHFW_INDIA @cmohry sir I have a suggestion we can consider vacant apartment buildings in metro cities as a makeshift isolation wards or quarantine centers if required but I honestly hope we don't reach that point 
#StayAwareStaySafe #COVID2019"
315,,,,Lockdown Dairy:  pic.twitter.com/xu3IpaMVs6
316,,,,"Llyod's Register layoff employees without reason during lockdown ignoring PM directive,India licence should be cancelled ,for their ruthless"
317,,,,One day we can surely get relief from covid-19 but how can we get relief from godi media only god knows..
318,,,,"Sir,I m from bhuj Resturants r required for daily needs?in this area 15 resturants nd zomato opened yesterday nd whole country r lockdown. Is it important or not?"
319,,,,"Should be in jail. As in this situation of COVID19,  we hv to maintain decorum,  Law n order, @mygovindia , medical directions, Lockdown n other safety measures to fight against COVID19 accordingly. Our Hon.SCourt sud take""SUO MOTO""action immediate n Equal law for each community."
320,,,,IIT Roorkee develops low-cost portable ventilator to help coronavirus COVID-19 patients  pic.twitter.com/RPJ5hSnqSu
321,,,,"#Coronavirus Outbreak, India: 

5 March: 29 cases, 0 deaths 
14 March: 82 cases, 2 deaths 
20 March: 194 cases, 4 deaths 
25 March: 657 cases, 12 deaths 
30 March: 1251 cases, 32 death
2 April: 2,511 cases, 70 deaths

Bhai is ka phecha ISI tu nae ?? ,ð  pic.twitter.com/3ATbwMI0tg"
322,,,,"People like @GautamGambhir are the perfect example for all the celebrities how to come forward. he knows how to bat in critical situation, he showed in world cup2011 final and he showed it today as well after 9 years. He is our current man of the tournament (fight against corona)  https://twitter.com/GautamGambhir/status/1245582109734866946Â â¦"
323,,,,@PMOIndia @AmitShah @republic on republic  channel the dindayal hospital doctor naratted that the Markaj  Delhi corona patient have spitted everywhere and urinated on doors.  Their intentions looks like they want to spread virus. I urge u ask military per
324,,,,"âMarriage can wait, not my patientsâ Says Dr Shifa M Mohammed

Instead of getting married, this doctor decided to don her protective gear and treat #Covid_19  patients .

#à¤®à¥à¤¸à¥à¤²à¤¿à¤®_à¤à¤¿à¤¦à¤®à¤¤à¤à¤¾à¤°
#COVID19Pandemic
#COVIDã¼19 https://www.hindustantimes.com/india-news/marriage-can-wait-not-my-patients-kerala-doctor-puts-service-ahead-of-marriage/story-c52pGesdyFclgR5N4O2FNI.htmlÂ â¦"
325,,,,"With the voluntary contribution from  employees of ISRO/DOS, more than 5 Crores INR was donated to PM-CARES Fund. ISRO is also working hard to develop essential medical devices that protect and help treat victims of COVID-19 pandemic.

Details:  https://bit.ly/39E5WXjÂ 
@PMOIndia"
326,,,,One CM gave two stones in 2013 and Present CM gave nothing for medical facilities in Kasargod.Why are you daydreaming now when Kerala is at top of Corona
327,,,,"While Covid-19 gains traction in India and as we slowly inch towards the disastrous community spreading, Modi should enforce a more stricter lockdown and deploy the army and the police for the protection of the health workers against miscreants. #SupportLockdownStaySafe"
328,,,,"Good efforts of Sir @sardarshah1 to overcome & control the crisis against pandemic disease  #COVID2019 in District Umerkot Sindh. We are lucky to have such a considerate and approachable Minister Mashallah.
@BBhuttoZardari @MuradAliShahPPP @SaeedGhani1 @murtazawahab1 pic.twitter.com/HKsAxsYRfT"
329,,,,"#COVID19Pandemic 
Infected persons crossed 1 million mark. More than 59k are dead. Pandemic curve yet to peak.
Only God knows where it will end !!  pic.twitter.com/pciQx8BDbh"
330,,,,"Instead of taking strict measures for fighting the Pandemic Coronavirus, Government is playing politics with the youth of J&K. 
#RevokeDomicile"
331,,,,Quarantine day 13  pic.twitter.com/mx9n9reXnr
332,,,,"The Covid-19 pandemic could be under control by the end of the month, but uncertainty remains as to whether there will be another coronavirus outbreak next spring, Chinaâs leading respiratory disease expert said.
#CoronavirusOutbreak https://www.scmp.com/news/china/society/article/3078171/covid-19-could-be-under-control-end-april-chinas-top-respiratoryÂ â¦"
333,,,,"1. Article 355Â entrusts the duty upon Union to protect states against âexternal aggressionâ & âinternal disturbanceâ . Don't see how it applies in handling a pandemic. 
2. Don't see it as intel failure. These are sporadic and random acts of violence."
334,,,,Now it has a lot of meaning in #Covid-19 treatment.
335,,,,"Thickly populated zones like Dharavi are a huge challenge in efforts to enforce social distancing critical in checking coronavirus, which spreads easily from person to person  https://twitter.com/tanmay_shinde99/status/1245423998495649792Â â¦"
336,,,,The best healing therapy in this pandemic. Thank you bro @kunalkamra88 for helping your fellow Indian ð®ð³ in this quarantine mode. @BlessedUmmati did you watched this ? ð  https://twitter.com/kunalkamra88/status/1245571929504755713Â â¦
337,,,,"On the Instructions of AIMIM President @asadowaisi Sahab,
 
Today AIMIM Shaikpet Corporator @MohdRashedFaraz Visited Door to Door @ Virat Nagar, Mg Nagar, Fatima Colony Shaikpet which were most affected by #lockdown & distributed #Rations #kits to the Needy people @ Shaikpet Div. pic.twitter.com/w8RhbAzsOV"
338,,,,The worldwide confirmed COVID-19 cases cross the million mark.
339,,,,Corona virus is now originating itself without any import from foreign travel. So it is great worry. people living in slums usually go thru several viral infection and go on with routine work of daily earning. so outburst is normal .May die of hunger not but not with corona.
340,,,,Deduct doctorâs salaries to help buy PPEâs for them!! Maybe. Thaali thoko!  https://twitter.com/naukarshah/status/1244692541607272454Â â¦
341,,,,But your 72 Hur community is spreading covid-19 deliberately. Kindly convey and convince them to stay home and don't wandering here and there for aspiration of HUR.
342,,,,"Tharurji, your wife died without notice. You ever felt that you could have saved her. You have missed the opportunity to save her. For Modiji & NDA govt. fastest way to save Indians was to declare lockdown. If your sences & IQ is at right place u can understand this."
343,,,,"Even after lockdown ends, keep washing your hands as well as maintain the social distance."
344,,,,"@narendramodi
@narendramodi 
Modi Sir, I have done.

Requesting all Indians, Kindly donate the funds to PM CARES to create healthy India in this corona time..it helps to the govt to utilize the funds for medical emergency.

Stay Home. Save Lives.  pic.twi"
345,,,,What have you done this evening? I ordered my crisps according to size... #selfisolating #lockdown #losingit #tiktok #coronavirus  pic.twitter.com/ZJuvMp19bG
346,,,,"""My room was heaven to me""
@JimCarrey
#Isolation #CoronaLockdown #Quarantine #JimCarrey #Samrenjith pic.twitter.com/Grs2icwu05"
347,,,,Covid -19 will not come under control in those damocratic countries where muslims are living.
348,,,,"Stay Home, Say safe..
A cute small msg to all ð¤ð
#Covid_19 #Corona #StayinHome #Quarantine #LockDown #Lockdown21.#LockdownLessons.
#Doremon
#Voice #VoiceBattles #Chhotabhim  https://youtu.be/pzmClnpSpQwÂ "
349,,,,@AmitShah @PMOIndia @BSYBJP those hitting paramedics should be behind bars. We are able to survive the  covid 19 cuz these medics are risking their lives so hitting them is an act of terrorism
350,,,,"Really great effort from your end sir. 
If you would not be PM, India could have become Italy * 2 . 

We  have been maintaining strict self quarantine from our end."
351,,,,@ani_digital @ArvindKejriwal @BBCHindi @INCIndia sir pls stop this whr is social destine lockdown how to stop @V2019N  pic.twitter.com/qyTPqSmPJa
352,,,,@DoreenKabareebe - The perfect ones can judge me one more time.âºï¸ #lockdown #stayhome #admiringgodscreation #onlygodcanjudgeme #attitude #eyes #nose #shorthair #differentpersonalities #dualpersonality #judgeifyoureperfect #perfectshoot pic.twitt
353,,,,You preaching social distancing is strange. You were the one who was upset with #India having lesser crowd in Ahmedabad while pandemic #COVID19 was spreading slowly. Weren't you?
354,,,,"A very good evening to our honorable PM ...
Sir , now a time India as well as all over world is fighting with a COVID-19 virus Which is infecting our people's , So please extend the lockdown time period ..We can again gain money& empire everything but not life our loving one's"
355,,,,"Hi tweeps, so there's this fb community group to help school students find resources and help they need to study from home.  https://www.facebook.com/groups/socialdistancelearningforstudents/Â â¦
Please join, interact & share this among students, educators and teachers.
#Nepal #lockdown #students #community #digitallearning"
356,,,,"In India everyone is against them, you know why? Itâs because India is under lockdown and quarantine but Muslims at few places still going for Prayers. Because of few the religion is getting hatred. People are not trying to educate and support but slaughter religions :/ It sucks"
357,,,,"Government launches Aarogya Setu, a mobile application which is a Bluetooth based COVID-19 tracker. Download the app & stay safe! 
Android:  https://play.google.com/store/apps/details?id=nic.goi.aarogyasetu&hl=en_GBÂ â¦
IOS:  https://apps.apple.com/in/app/aarogyasetu/id1505825357Â â¦ #AarogyaSetuApp
#COVID19Pandemic
#NSSIndia
#IndiaFightCorona pic.twitter.com/3VbQMxj5QG"
358,,,,"After Corona Virus Is over 
@PMOIndia should start Swadeshi Movement by boycotting Foreign products 
Then only INDIA will revive its own damage done due to COVID-19
""Sui se leke Car tak ,Made In India ka tag dekh kar kharidenge"" 
What's your view sir?
@desimojito @vivekagnihotri"
359,,,,COVID 19 crosses 1million and death cross 51000 worldwide    .  https://www.worldometers.info/coronavirus/Â  pic.twitter.com/f4QwoQEID8
360,,,," https://wap.business-standard.com/article/news-ani/2069-coronavirus-cases-in-india-death-toll-53-120040201674_1.html?utm_source=SEO&utm_medium=HDPÂ â¦
Coronavirus cases in India rising day by by. Please pray for all ð
#CoronaUpdate #CoronaStopKaroNa #CoronavirusOutbreak #CoronavirusLockdown #CoronaPandemic #Coronaindia"
361,,,,Some one should tell them it's #Quarantine not QURANtime
362,,,,"Confirmed Coronavirus Cases: Worldwide

 0 to 400,000 cases: 83 days  

400,001 to 100,000 Cases: 9 days

#coronavirus #CoronaBreakDown"
363,,,,"I Love humans, nature and most I love Almighty God and his prophets from Adam, jesus pbuh and prophet Muhammad pbuh. And his companions. 
May Almighty God save all humans from the covid-19.Aameen 
Almighty God is not only for Christians and Muslims only Almighty is for every one"
364,,,,"Italy's lockdown: daily percentage change in total cases 
Mar 24  69,176
Mar 25  74,386: 7.5%
Mar 26  80,589: 8.3%
Mar 27  86,498: 7.3%
Mar 28  92,472: 6.9%
Mar 29  97,689: 5.6%
Mar 30 101,739:4.1%
Mar 31 105,792: 3.9%
Apr   1  110,574: 4.5%
Apr   2  115,242: 4.22%
@pontecorvoste pic.twitter.com/qrb9HzrMyc"
365,,,,"#IndiaFightsCorona
Times like this calls for everyone to encourage the spread of authentic news. Let us deny oxygen to rumours and fake news on COVID-19."
366,,,,"To our national & personal interest, our duty is to follow all guidelins given by our governments to fight against COVID-19. We must be respectful & thankful to those who are engaged himself in preventing & curing COVID-19."
367,,,,"I miss my office

#quarantine #isolation #socialdistancing"
368,,,,"@BBhuttoZardari arrives at Naudero House, Larkana, sought briefing from local authorities concerned on prevention of #COVID19Pakistan 
He met with committee members of Districts Larkana &  Qambar Shahdadkot committees working on coronavirus prevention."
369,,,,"Sir, their Nationalism was infected  with ItalianVirus  But somehow fortunately the Nation was saved from this Divisive Virus 6 years ago .Now we will fight with #CoronaVirus as well."
370,,,,"Cases of #coronavirus is rising rapidly in INDIA in last 48 hours since news of #TabligiJamaat  came in. Almost 450 people of this event are Coronavirus positive. 
Testing has increased which is also another reason of this sudden rise. Mumbai Dharavi reported second case. #Covid  pic.twitter.com/gqFHfiIppm"
371,,,,"I am now an #MBRUCommunityImmunity Ambassador. I am responsible to protect myself and my community from #COVID-19. I challenge (tag 3 friends/family) to take the course.  https://learn.mbru.ac.ae/courses/covid19Â """
372,,,,"PEP......for every Doctor dealing patients suspected with #Covid_19...let's it gets implemented

 #coronawarriors #COVID19outbreak pic.twitter.com/uinx65PIf5"
373,,,,"Global death toll passes 50,000 from covid 19.13,915 died in Italy, followed by Spain with 10,003. The US is now the third worst-affected country with 5,316. Close to 60% deaths are from these 3 countries. Stay at home can only reduce the number of deaths.  https://www.theguardian.com/world/live/2020/apr/02/coronavirus-live-news-global-cases-latest-updates?CMP=share_btn_twÂ â¦"
374,,,,"This is not correct. They are fighting with most dangerous virus #COVID19 to cure us. Without any cooperation they can't help us.
#COVID19Pandemic #Covid_19india #COVID2019india #coronavirusindia #CoronaAlert #StayHomeStaySafe #StaySafe #stayhomechallenge https://twitter.com/ashokepandit/status/1245737763531563010Â â¦"
375,,,,"Pray Namaz-E-Zuhr at Homes, Donât Gather For Namaze #Jumma || #AIMIM Chief Barrister @asadowaisi Appeal to All #Muslim Community.. #COVID19Pandemic
#COVIDã¼19 #COVID19 #Covid_19
 https://youtu.be/BCQbWoATFlsÂ 
@asadowaisi @AimimFansClub @AIMIMONLY @AliuddinAquil @Tauseefpro pic.twitter.com/nxss8R5vFj"
376,,,,"@ajaydevgn your debut movie song on your birthday. Have a great year ahead. Happy Birthday. Stay safe, Stay Healthy. Always. 
C U  soon in @sooryavanshithefilm with @akshaykumar @RanveerOfficial
Lockdown fever.  pic.twitter.com/PFgDFhuvbE"
377,,,,"#IndiaFightsCorona
Together we can fight COVID-19. Little awareness of COVID19 can make a huge difference. Stay home and stay safe."
378,,,,"Corona Virus was born in China, grew up in Italy, spending bachelor's life in Iran, got married in US, shifted to India and finally became a muslim.
#Copied
#ChineseVirus19
#CoronaUpdate
#NizamuddinTerrorists
#COVID19Pandemic"
379,,,,Quarantine day 14.... seeing things differently  pic.twitter.com/sL3SsBWprR
380,,,,"Do You Know #35ð¤
*Can You Get Coronavirus Through Your Phone..*
Lets Check in This Video.
#2YoDoINDIA Â®ï¸
Knowledge is Light ðð»
Please Subscribe My Channel. 
Like | Share | Comment
Hit Bell Icon to get Notification of Latest Video's ð
 https://youtu.be/WrzZRibhPrEÂ  pic.twitter.com/IiZqSnvnAR"
381,,,,"Respected 
Sri Narendra Modiji, and 
Sri Amit Shahji, 

plz save the Doctors, Nurses, Health Department workers, And all Corona Warriors and whole India from illiterate, unethical, irresponsible, and anti-national people....ð 
Plz save my India..."
382,,,,Coping through this quarantine life like...  pic.twitter.com/nuEZKweC9H
383,,,,Bollywood is calling you via Zoon (because corona)
384,,,,"It's really important to be in the Know of the flip side, in the time of #Corona  https://twitter.com/BornChamar/status/1245769148518416384Â â¦"
385,,,,"It's OK, let's not pull Pakistan. Unfortunately their economy is not helping them to quarantine or lock down. But this channel has to be there.. It's fun. ð"
386,,,,"@narendramodi_in Dear PM, lockdown step is praise worthy. But in Prashant Nagar/Vijayanagar area of Old Banglore city, there is havoc situation in delivering the ration, complete administrative failure. Please solve our problems."
387,,,,12 weeks into quarantine â
388,,,,"Coronavirus pandemic cases crossed 1 Million.

#COVID19Pandemic #CoronavirusPandemic pic.twitter.com/zN2EASgm6Z"
389,,,,"@narendramodi sir...I think lockdown will hv to lifted in a measured way..areawise, citywise, districtwise then statewise...There shud be no hurry to restart trains.ðð"
390,,,,"With #AQI consistently improving amidst #CoronaVirus #lockdown sky is getting cleaner every passing day. Though the cost of which is quite huge. Some views from #abbottabad a clean blue sky, must be asking for cuts in #Carbonemissions to cater #climatechange pic.twitter.com/u0l0uSuqUk"
391,,,,You are not feeling secure in India them why not settled abroad. You have accumulated so much money and not given for country a single penny in corona crisis.Hate you Gaddar ho. Shame upon you. Amir khan.
392,,,,"@Uppolice @dgpup @PMOIndia @myogiadityanath @narendramodi @AmitShah 

Please arrest this guy for spreading rumors about #Corona  pic.twitter.com/SQllwJ7VQb"
393,,,,"How did #Corona spread in the world
ðð»ðð»ðð»ðð»ðð»ðð»ðð»ðð»
#COVID19Pandemic
#CoronaUpdate pic.twitter.com/AwComiLK85"
394,,,,"Varanasi Nagar Nigam has launched ""Covid-19 Safe Kashi"" App which is a one stop destination for all the information related to Corona.ð
Varanasi Municipal Commissioner @gaurangrathi sir tellling more about the app ð
@RedFMIndia #21DinStayIn #BeSafeGoDigital @narendramodi pic.twitter.com/JleUC0J1BG"
395,,,,"No one .
Literally no one.
Me in quarantine : Darshan Raval's nose would be 4, no no 5 nah bohot lambi hai uski noseð¤¥

Hehe."
396,,,,"People across Bahrain joined hands to clap in tribute to healthcare workers fighting on the frontlines against the coronavirus

Read more:  https://bit.ly/2R6iTmcÂ "
397,,,,"Shah Rukh Khan announces initiatives to support fight against Covid-19

via @etimes
@iamsrk
@RedChilliesEnt https://timesofindia.indiatimes.com/entertainment/hindi/bollywood/news/shah-rukh-gauri-khan-pledge-support-to-pms-cares-fund-cms-relief-fund-maharashtra-and-also-extend-contribution-for-food-and-grocery/articleshow/74953178.cms?utm_source=twitter.com&utm_medium=referral&utm_campaign=TOIÂ â¦"
398,,,,Excellent initiative! #Covid_19  https://twitter.com/RyanIntlGrp/status/1245652067298865153Â â¦
399,,,,"Lockdown ye b faida hua

 jo mujhy vela kehty thy 

Wo sb b velay bethy hain ð¤£
#Corona"
